在 MySQL 中，可以使用 SELECT 语句来查询数据。查询数据是指从数据库中根据需求，使用不同的查询方式来获取不同的数据，是使用频率最高、最重要的操作。

SELECT 的语法格式如下：

```mysql
SELECT
{*|<字段列名>}
[
    FROM <表1>,<表2>...
    [
        WHERE <表达式>
        [
            GROUP BY <group by definition>
            [
                HAVING <expression>[{<operator><expression>}...]
            ]
            [ORDER BY <order by definition>]
            [LIMIT[<offset>,][row count]]
        ]
    ]
]
```

其中，各条子句的含义如下：

- `{*|<字段列名>}`：包含星号通配符的字段列表，表示所要查询字段的名称
- `FROM <表1>,<表2>`：表 1 和表 2 表示所要查询数据的来源，可以是单个或多个
- `WHERE <表达式>` ：是可选项，如果选择该项，将限定查询数据必须满足该查询条件
- `GROUP BY <字段`>：该子句告诉 MySQL 如何显示查询出来的数据，并按指定的字段分组
- `ORDER BY <字段>`：该子句告诉 MySQL 按什么样的顺序显示查询出来的数据，可以进行的排序有升序（ASC）和 降序（DESC）,默认情况下是升序
- `LIMIT[<offset>,][row count]`：该子句告诉 MySQL 每次显示查询出来的数据条数

### 查询表中所有字段

查询所有字段是指查询表中所有字段的数据，MySQL 提供了以下2种方式查询表中的所有字段：

- 使用 “*” 通配符查询表中所有字段
- 列出表中的所有字段

**（1）使用 “*” 通配符查询表中所有字段**
SELECT 可以使用 "*" 查询表中所有字段的数据，语法格式如下：

```mysql
SELECT * FROM 表名;
```

使用 “*” 查询时，只能按照数据表中字段的顺序进行排列，不能改变字段的排列顺序。

例1

从 tb_students_info 表中查询所有字段的数据，SQL 语句和运行结果如下所示。

```MYSQL
mysql> USE test_db;
Database changed
mysql> SHOW TABLES;
+-------------------+
| Tables_in_test_db |
+-------------------+
| tb_students_info  |
+-------------------+
1 row in set (0.00 sec)

mysql> SELECT * FROM tb_students_info;
+------+--------+---------+------+------+--------+------------+
| id   | name   | dept_id | age  | sex  | height | login_date |
+------+--------+---------+------+------+--------+------------+
|    1 | Dany   |       1 |   25 | F    |    160 | 2015-09-10 |
|    2 | Green  |       3 |   23 | F    |    160 | 2016-10-22 |
|    3 | Henry  |       2 |   23 | M    |    162 | 2015-05-31 |
|    4 | Jane   |       1 |   22 | F    |    165 | 2016-12-20 |
|    5 | Jim    |       1 |   24 | M    |    158 | 2016-01-15 |
|    6 | John   |       2 |   21 | M    |    177 | 2015-11-11 |
|    7 | Lily   |       6 |   22 | F    |    164 | 2016-02-26 |
|    8 | Susan  |       4 |   23 | F    |    165 | 2015-10-01 |
|    9 | Thomas |       3 |   22 | M    |    170 | 2016-06-07 |
|   10 | Tom    |       4 |   23 | M    |    160 | 2016-08-05 |
+------+--------+---------+------+------+--------+------------+
10 rows in set (0.00 sec)
```

结果显示，使用 "*" 通配符时，将返回所有列，数据列按照创建表时的顺序显示。

> 注意：一般情况下，除非需要使用表中所有的字段数据，否则最好不要使用通配符“*”。虽然通配符可以节省输入查询语句的时间，但是获取不需要的列数据通常会降低查询和所使用的应用程序的效率。使用 * 的优势是，当不知道所需列名时，可以通过 * 获取它们。

**（2）列出表的所有字段**

SELECT 关键字后面的字段名为需要查找的字段，因此可以将表中所有字段的名称跟在 `SELECT` 关键字后面。如果忘记了字段名称，可以使用 `DESC` 命令查看表的结构。

有时，由于表的字段比较多，不一定能记得所有字段的名称，因此该方法很不方便，不建议使用。

**例2**

查询 tb_students_info 表中的所有数据，SQL 语句还可以书写如下：

```MYSQL
mysql> SELECT id,name,dept_id,age,sex,height,login_date FROM tb_students_info;
+------+--------+---------+------+------+--------+------------+
| id   | name   | dept_id | age  | sex  | height | login_date |
+------+--------+---------+------+------+--------+------------+
|    1 | Dany   |       1 |   25 | F    |    160 | 2015-09-10 |
|    2 | Green  |       3 |   23 | F    |    160 | 2016-10-22 |
|    3 | Henry  |       2 |   23 | M    |    162 | 2015-05-31 |
|    4 | Jane   |       1 |   22 | F    |    165 | 2016-12-20 |
|    5 | Jim    |       1 |   24 | M    |    158 | 2016-01-15 |
|    6 | John   |       2 |   21 | M    |    177 | 2015-11-11 |
|    7 | Lily   |       6 |   22 | F    |    164 | 2016-02-26 |
|    8 | Susan  |       4 |   23 | F    |    165 | 2015-10-01 |
|    9 | Thomas |       3 |   22 | M    |    170 | 2016-06-07 |
|   10 | Tom    |       4 |   23 | M    |    160 | 2016-08-05 |
+------+--------+---------+------+------+--------+------------+
10 rows in set (0.00 sec)
```

运行结果和例 1相同。

这种查询方式比较灵活，如果需要改变字段显示的顺序，只需要调整 SELECT 关键字后面的字段列表顺序即可。

虽然列出表的所有字段的方式比较灵活，但是查询所有字段时通常使用“*”通配符。使用“*”这种方式比较简单，尤其是表中的字段很多的时候，这种方式的优势更加明显。当然，如果需要改变字段显示的顺序，可以选择列出表的所有字段。

### 查询表中指定字段

查询表中的某一个字段的语法格式为：

```mysql
SELECT <列名> FROM <表名>;
```

**例3**

查询 tb_students_info 表中 name 列所有学生的姓名，SQL 语句和运行结果如下所示。

```MYSQL
mysql> SELECT name FROM tb_students_info;
+--------+
| name   |
+--------+
| Dany   |
| Green  |
| Henry  |
| Jane   |
| Jim    |
| John   |
| Lily   |
| Susan  |
| Thomas |
| Tom    |
+--------+
```

输出结果显示了 tb_students_info 表中 name 字段下的所有数据。

使用 `SELECT` 声明可以获取多个字段下的数据，只需要在关键字 SELECT 后面指定要查找的字段名称，不同字段名称之间用逗号 ","分隔开，最后一个字段后面不需要加逗号，语法格式如下：

```mysql
SELECT <字段1>,<字段2>,...,<字段n> FROM <表名>;
```

**例4**

从 tb_students_info 表中获取 id、name 和 height 三列，SQL 语句和运行结果如下所示。

```mysql
mysql> SELECT id,name,height FROM tb_students_info;
+------+--------+--------+
| id   | name   | height |
+------+--------+--------+
|    1 | Dany   |    160 |
|    2 | Green  |    160 |
|    3 | Henry  |    162 |
|    4 | Jane   |    165 |
|    5 | Jim    |    158 |
|    6 | John   |    177 |
|    7 | Lily   |    164 |
|    8 | Susan  |    165 |
|    9 | Thomas |    170 |
|   10 | Tom    |    160 |
+------+--------+--------+
10 rows in set (0.00 sec)
```
























